DATA_SNAPSHOT;ID_OPORTUNIDADE;CUSTOMER;VENDEDOR; TOTAL NET LVK (R$) ;ESTAGIO;STATUS;RISCO;PROBABILIDADE;PROX PASSO;DATA DA ULTIMA ATUALIZAÇĂO;DATA DE FECHAMENTO;CHAVE;STATUS ANTERIOR
03/04/2026;OPP-A2 -0426-010;A2 TRANSPORTES;Bruno Reis; R$ 44.798.000,37 ; Negociaçăo ; Aguardando cliente ;Alto;100%;Solicitando acordo de última chamada pq eles estăo com a WEG;08/06/2026;;;
03/04/2026;OPP-Alf-0426-004;ALFARODOBUS;Bruno Reis; R$ 3.600.000,00 ; Negociaçăo ; Aguardando cliente ;Baixo;100%;Retorno da Enel sobre Projeto. Cobrar semanalmente;08/06/2026;;;
03/04/2026;OPP-ALF-0526-006;ALFARODOBUS (Zona Leste);Bruno Reis; R$ 1.200.000,00 ; Negociaçăo ;Aguardando cliente;Baixo;100%;Cobrar retorno do cliente sobre cotaçăo;08/06/2026;;;
03/04/2026;OPP-AMB-0426-011;AMBIENTAL (RV TRANS);Bruno Reis; R$ 20.000.000,00 ; Negociaçăo ; Parado ;Baixo;100%;Já enviamos proposta de Bess. Aguardando cliente retornar;08/06/2026;;;
03/04/2026;OPP-ARA-0426-007;ARACAJU;Bruno Reis; R$ 640.000,00 ; Ganho ;Ganho;Médio;100%;;08/06/2026;;;
03/04/2026;OPP-AUT-0426-012;AUTOBLESS;Bruno Reis; R$ - ; Proposta ; Parado ;Alto;0%;Retornar em alguns meses;08/06/2026;;;
03/04/2026;OPP-AZU-0426-004;AZUL TRANSPORTES;Felipe Hanke; R$  2.115.818,00 ; Fechamento ;Aguardando cliente;;100%;Revisăo para carregador de 180kW, Flávio está alinhando com Cao e Beto CWBus;12/05/2026;;;
03/04/2026;OPP-BEL-0426-008;BELÉM;Bruno Reis; R$ - ; Lead ; Parado ;Baixo;0%;Retornar em alguns meses;08/06/2026;;;
03/04/2026;OPP-CAM-0426-030;CAMAÇARI;Bruno Reis; R$ - ; Lead ;Parado;;50%;Retornar em alguns meses;06/06/2026;;;
12/05/2026;OPP-Cam-0426-002;CAMPO BELO 1 (RV TRANS);Bruno Reis; R$ 1.948.000,00 ; Negociaçăo ;Parado;Baixo;100%;Aguardar a conclusăo do projeto de alta tensăo;05/06/2026;;;
12/05/2026;OPP-CAM-0526-003;CAMPO BELO 2 (RV TRANS);Bruno Reis; R$ 1.948.000,00 ; Negociaçăo ;Parado;Baixo;100%;Pararam as negociaçőes de Bess e vai para alta tensăo;05/06/2026;;;
13/04/2026;OPP-CAS-0426-025;CASG;Felipe Hanke;;Lead;Em andamento;;0%;Fazer visita em Săo Gotardo, usa gerador ŕ diesel no Plantio;12/05/2026;;;
;;CPO ORSINE;Felipe Hanke; R$  510.000,00 ; Negociaçăo ;Aguardando parceiro;;50%;Estamos em conversa com Orsine para fechar escopo FOB China;12/05/2026;;;
13/04/2026;OPP-DAN-0426-020;DANIEL MELILO;Felipe Hanke;;Qualificaçăo;Em andamento;;0%;Cliente pretende avançar na contrataçăo de carregadores.;12/05/2026;;;
03/04/2026;OPP-DIA-0426-025;DIADEMA;Bruno Reis; R$ 870.000,00 ; Lead ;Parado;Médio;100%;Retonar em alguns meses;08/06/2026;;;
13/04/2026;OPP-DIA-0426-026;DIADEMA;Bruno Reis; R$ 3.500.000,00 ; Lead ;Parado;Baixo;100%;Retonar em alguns meses;08/06/2026;;;#REF!
03/04/2026;OPP-EVO-0426-009;EVMOBILITY (GBT);Felipe Hanke; R$  250.000,00 ;Proposta;Aguardando Engenharia;;15%;Estăo comprando um carregador GBT ŕ 65k, porém precisam com urgęncia, enviei o valor de frete aéreo na sexta, porém ainda sem retorno.;12/05/2026;;;
;;EVMOBILITY (HUB MERCADO LIVRE);Felipe Hanke;;Proposta;Aguardando Engenharia;;10%;Estamos criando um modelo de negócio em conjunto para ser apresentado ao Mercado Livre, está ainda em desenvolvimento da soluçăo;12/05/2026;;;
03/04/2026;OPP-EVO-0426-003;EVMOBILITY (lISTA DE PREÇOS);Felipe Hanke; R$  29.000,00 ;Negociaçăo;Aguardando parceiro;;100%;Contato realizado com Pedro, solicitou que enviássemos lista de preços e mantivessemos estoque no  Brasil, lista de preços enviada, reuniăo agendada com flávio para falarmos sobre estoque no Brasil;12/05/2026;;;
13/04/2026;OPP-EVO-0426-003;EVOLUTION MOBILITY (GRUPO PÁTRIA);Felipe Hanke; R$ 29.000,00 ; Negociaçăo ;Parado;;100%;Contato está no Histórico com a Anna;13/04/2026;;;#REF!
13/04/2026;OPP-EVO-0426-009;EVOLUTION MOBILITY (GRUPO PÁTRIA);Felipe Hanke; R$ 37.500,00 ; Negociaçăo ;Aguardando cliente;;15%;Estăo comprando um carregador GBT ŕ 65k, porém precisam com urgęncia, enviei o valor de frete aéreo na sexta, porém ainda sem retorno.;13/04/2026;;;#REF!
13/04/2026;OPP-EVO-0426-010;EVOLUTION MOBILITY (GRUPO PÁTRIA);Felipe Hanke; R$ 348.000,00 ; Negociaçăo ;Aguardando cliente;;15%;Estăo comprando um carregador GBT ŕ 65k, porém precisam com urgęncia, enviei o valor de frete aéreo na sexta, porém ainda sem retorno.;13/04/2026;;;#REF!
03/04/2026;OPP-EXP-0426-011;EXPRESS;Felipe Hanke;;Qualificaçăo;Parado;;0%;Tentei contato com Toninho várias vezes, na ida para SP tentar novo contato e visita;12/05/2026;;;
03/04/2026;OPP-EZ -0426-013;EZ VOLT;Felipe Hanke;; Qualificaçăo ;Parado;;0%;EZ volt tem aproximadamente 60% dos apps de frotas nas garagens, verificar sobre aproximaçăo e ver se compram carregadores da Livoltek, năo fabricam.;12/05/2026;;;
13/04/2026;OPP-EZ -0426-014;EZ VOLT;Felipe Hanke;; Negociaçăo ;Parado;;0%;;13/04/2026;;;#REF!
12/05/2026;OPP-GOV-0526-033;GOVER DE PERNAMBUCO;Bruno Reis;; Negociaçăo ; Aguardando cliente ;Médio;;Dia do Bid dia 26/06;08/06/2026;;;
13/04/2026;OPP-GRE-0426-024;GREEN YELLOW;Felipe Hanke;; Negociaçăo ;Em andamento;;0%;Contato realizado, aguardando jurídico analizar contrato e;12/05/2026;;;
13/04/2026;OPP-GRU-0426-023;GRUPO SEKITA;Felipe Hanke;;Qualificaçăo;Em andamento;;0%;Fazer visita em Săo Gotardo, usa gerador ŕ diesel no Plantio;12/05/2026;;;
13/04/2026;OPP-HS -0426-020;HS PRATES;Felipe Hanke;;Qualificaçăo;Em andamento;;;Fazer visita em Săo Gotardo, usa gerador ŕ diesel no Plantio;13/04/2026;;;12/05/2026
13/04/2026;OPP-HS -0426-022;HS PRATES;Felipe Hanke;;Lead;Em andamento;;0%;Fazer visita em Săo Gotardo, usa gerador ŕ diesel no Plantio;12/05/2026;;;
13/04/2026;OPP-JUN-0426-013;JUNDU;Felipe Hanke;; Proposta ;Aguardando interno;;80%;Verificando com Kelly sobre novo Bess para POC, Felipe está em contato com Jener;12/05/2026;;;
13/04/2026;OPP-JUN-0426-018;JUNDU;Felipe Hanke;; Negociaçăo ;Aguardando interno;;;Verificando com Kelly sobre novo Bess para POC, Felipe está em contato com Jener;13/04/2026;;;12/05/2026
13/04/2026;OPP-KBP-0426-013;KBPX;Bruno Reis; R$ 10.000.000,00 ; Proposta ; Aguardando cliente ;Baixo;100%;Proposta está com engenharia. Retornar daqui alguns meses;08/06/2026;;;#REF!
03/04/2026;OPP-KBP-0426-014;KBPX;Bruno Reis; R$ 4.257.000,00 ; Proposta ; Aguardando cliente ;Baixo;100%;Proposta está com engenharia. Retornar daqui alguns meses;08/06/2026;;;
03/04/2026;OPP-MAC-0426-023;MACAÉ;Bruno Reis; R$ 5.250.000,00 ; Lead ; Aguardando cliente ;Baixo;100%;Aguardando abertura do Lead;08/06/0206;;;
03/04/2026;OPP-MAR-0426-002;MARECHAL;Felipe Hanke; R$  200.567,00 ; Proposta ; Aguardando Engenharia ;;100%;Proposta apresentada, porém cliente disse que năo possui carga para conexăo do carregador, temos de revisar o escopo incluindo 1 Bess de 261;08/06/0206;;;
12/05/2026;OPP-MON-0526-032;MONTES CLAROS;Bruno Reis;; Lead ; Aguardando cliente ;Médio;100%;Aguardando a licitaçăo;08/06/2026;;;
04/03/2026;OPP-MOV-0326-031;MOVEBUSS;Bruno Reis;; Fechamento ;Aguardando cliente;Médio;100%;Aguardando decisăo do cliente;08/06/2026;;;
13/04/2026;OPP-NOR-0426-015;NORTEBUSS;Bruno Reis; R$ 10.000.000,00 ; Proposta ; Aguardando interno ;Baixo;100%;Văo para alta tensăo e estamos aguardando proposta;05/06/2026;;;#REF!
03/04/2026;OPP-NOR-0426-016;NORTEBUSS;Bruno Reis; R$ 4.257.000,00 ; Proposta ; Aguardando Pricing ;Baixo;100%;Văo para alta tensăo e estamos aguardando proposta;05/06/2026;;;
03/04/2026;OPP-PĘS-0426-009;PĘSSEGO;Bruno Reis; R$ - ; Lead ; Parado ;Alto;0%;Retornar em alguns meses;08/06/2026;;;
03/04/2026;OPP-POR-0426-024;PORTO ALEGRE;Felipe Hanke; R$ 1.312.500,00 ; Negociaçăo ;Parado;Médio;25%;;25/05/2026;;;
03/04/2026;OPP-PRE-0426-004;PREFEITURA DE BELO HORIZONTE;Bruno Reis; R$ 14.971.578,66 ; Perdido ; Perdido ;Baixo;0%;Temos recurso para o dia 16/06;08/06/2026;;;
03/04/2026;OPP-PRE-0426-005;PREFEITURA DE SĂO JOSÉ DOS CAMPOS;Felipe Hanke;; Negociaçăo ;Parado;;0%;Verificar alternativa de quem investirá;12/05/2026;;;
03/04/2026;OPP-SAM-0426-017;SAMBAÍBA;Bruno Reis; R$ - ; Negociaçăo ; Aguardando Engenharia ;Médio;50%;Aguardando time de engenharia;08/06/2026;;;
03/04/2026;OPP-SAM-0426-018;SAMBAÍBA G1;Bruno Reis; R$ - ; Negociaçăo ; Aguardando Engenharia ;Médio;50%;Aguardando time de engenharia;08/06/2026;;;
13/04/2026;OPP-SAM-0426-019;SAMBAIBA G3;Bruno Reis; R$ - ; Negociaçăo ; Aguardando Engenharia ;Médio;50%;Aguardando time de engenharia;08/06/2026;;;
14/04/2026;OPP-SAM-0426-020;SAMBAIBA G4;Bruno Reis; R$ - ; Negociaçăo ; Aguardando Engenharia ;Médio;50%;Aguardando time de engenharia;08/06/2026;;;
03/04/2026;OPP-SHC-0426-012;SHC JAC MOTORS;Felipe Hanke; R$ 90.000,00 ;Negociaçăo;Parado;;30%;Verificar com Flávio;12/05/2026;;;
;;SP TRANS;Bruno Reis; R$ 23.400,00 ; Ganho ;Ganho;;100%;;;;;
03/04/2026;OPP-TRA-0426-029;TRANSPASS (RV TRANS);Bruno Reis; R$ - ; Negociaçăo ; Aguardando Engenharia ;Médio;50%;Aguardando time de engenharia;08/06/2026;;;
03/04/2026;OPP-UBE-0426-016;UBERLANDIA;Felipe Hanke;; Negociaçăo ;Parado;;0%;Conversa realizada com Paulo, enviei datasheet do BESS para esclarecimento, fazer contato para entender sobre outras oportunidades;12/05/2026;;;
13/04/2026;OPP-VAL-0426-021;VALE VARGEM GRANDE;Felipe Hanke;; Proposta ; Aguardando Engenharia ;;80%;Aguardando envio de informaçőes para especificaçăo de Bess para canteiro de obras e Bombas;12/05/2026;;;
03/04/2026;OPP-VIA-0426-006;VIAÇĂO CIDADE SORRISO;Felipe Hanke; R$  2.115.818,00 ;Fechamento;Aguardando cliente;;100%;Revisăo para carregador de 180kW, Flávio está alinhando com Cao e Beto CWBus;12/05/2026;;;
03/04/2026;OPP-VIA-0426-007;VIAÇĂO GLÓRIA;Felipe Hanke; R$  2.115.818,00 ; Fechamento ;Aguardando cliente;;100%;Revisăo para carregador de 180kW, Flávio está alinhando com Cao e Beto CWBus;12/05/2026;;;
03/04/2026;OPP-Via-0426-024;Viaçăo Metrópole;Bruno Reis; R$ 2.800.000,00 ; Negociaçăo ;Aguardando cliente;;50%;Aguardar retorno Julho;08/06/2026;;;12/05/2026
04/04/2026;OPP-VIA-0426-028;VIAÇĂO METRÓPOLE A E Carvalho (ZL);Bruno Reis; R$ 2.800.000,00 ; Negociaçăo ;Parado;;100%;Retornar em alguns meses;05/06/2026;;;
03/04/2026;OPP-VIA-0426-027;VIAÇĂO METRÓPOLE M'Boi Mirim;Bruno Reis; R$ 2.800.000,00 ; Negociaçăo ;Aguardando cliente;;50%;Aguardar retorno Julho;05/06/2026;;;
03/04/2026;OPP-VIA-0426-008;VIAÇĂO REDENTOR;Felipe Hanke; R$  2.115.818,00 ; Fechamento ;Aguardando cliente;;100%;Revisăo para carregador de 180kW, Flávio está alinhando com Cao e Beto CWBus;12/05/2026;;;
03/04/2026;OPP-VIA-0426-017;VIAÇĂO SANTA BRÍGIDA;Felipe Hanke;;Proposta;Parado;;0%;Tentar aproximar e agendar uma conversa, Flávio quem possui o contato do pessoal, pegar detalhe da negociaçăo;12/05/2026;;;
03/04/2026;OPP-VIA-0426-015;VIAÇĂO SĂO GABRIEL;Felipe Hanke; R$  1.599.067,75 ; Proposta ; Aguardando Pricing ;;100%;Previsăo de envio da proposta dia 15/04;12/05/2026;;;
13/04/2026;OPP-XCM-0426-011;XCMG;Felipe Hanke; R$  419.389,00 ;Negociaçăo; Aguardando cliente ;;0%;Proposta enviada, Rodrigo disse que agora é com setor de compras e que ele năo tem mais controle da negociaçăo, na Intermodal vi ele muito proximo no Stand da Nansen, verificar avanço.;12/05/2026;;;
;;;;;;;;;;;;;
;;;;;;;;;;;;;
;;;;;;;;;;;;;
;;;;;;;;;;;;;
;;;;;;;;;;;;;
;;;;;;;;;;;;;
;;;;;;;;;;;;;
;;;;;;;;;;;;;
;;;;;;;;;;;;;
;;;;;;;;;;;;;
;;;;;;;;;;;;;
;;;;;;;;;;;;;
;;;;;;;;;;;;;
;;;;;;;;;;;;;
;;;;;;;;;;;;;
;;;;;;;;;;;;;
;;;;;;;;;;;;;
;;;;;;;;;;;;;
;;;;;;;;;;;;;
;;;;;;;;;;;;;
;;;;;;;;;;;;;
;;;;;;;;;;;;;
;;;;;;;;;;;;;
;;;;;;;;;;;;;
;;;;;;;;;;;;;
;;;;;;;;;;;;;
;;;;;;;;;;;;;
;;;;;;;;;;;;;
;;;;;;;;;;;;;
;;;;;;;;;;;;;
;;;;;;;;;;;;;
;;;;;;;;;;;;;
;;;;;;;;;;;;;
;;;;;;;;;;;;;
;;;;;;;;;;;;;
;;;;;;;;;;;;;
;;;;;;;;;;;;;
;;;;;;;;;;;;;
;;;;;;;;;;;;;
;;;;;;;;;;;;;
;;;;;;;;;;;;;
;;;;;;;;;;;;;
;;;;;;;;;;;;;
;;;;;;;;;;;;;
;;;;;;;;;;;;;
;;;;;;;;;;;;;
;;;;;;;;;;;;;
;;;;;;;;;;;;;
;;;;;;;;;;;;;
;;;;;;;;;;;;;
;;;;;;;;;;;;;
;;;;;;;;;;;;;
;;;;;;;;;;;;;
;;;;;;;;;;;;;
;;;;;;;;;;;;;
;;;;;;;;;;;;;
;;;;;;;;;;;;;
;;;;;;;;;;;;;
;;;;;;;;;;;;;
;;;;;;;;;;;;;
;;;;;;;;;;;;;
;;;;;;;;;;;;;
;;;;;;;;;;;;;
;;;;;;;;;;;;;
;;;;;;;;;;;;;
;;;;;;;;;;;;;
;;;;;;;;;;;;;
;;;;;;;;;;;;;
;;;;;;;;;;;;;
;;;;;;;;;;;;;
;;;;;;;;;;;;;
;;;;;;;;;;;;;
;;;;;;;;;;;;;
;;;;;;;;;;;;;
;;;;;;;;;;;;;
;;;;;;;;;;;;;
;;;;;;;;;;;;;
;;;;;;;;;;;;;
;;;;;;;;;;;;;
;;;;;;;;;;;;;
;;;;;;;;;;;;;
;;;;;;;;;;;;;
;;;;;;;;;;;;;
;;;;;;;;;;;;;
;;;;;;;;;;;;;
;;;;;;;;;;;;;
;;;;;;;;;;;;;
;;;;;;;;;;;;;
;;;;;;;;;;;;;
;;;;;;;;;;;;;
;;;;;;;;;;;;;
;;;;;;;;;;;;;
;;;;;;;;;;;;;
;;;;;;;;;;;;;
;;;;;;;;;;;;;
;;;;;;;;;;;;;
;;;;;;;;;;;;;
;;;;;;;;;;;;;
;;;;;;;;;;;;;
;;;;;;;;;;;;;
;;;;;;;;;;;;;
;;;;;;;;;;;;;
;;;;;;;;;;;;;
;;;;;;;;;;;;;
;;;;;;;;;;;;;
;;;;;;;;;;;;;
;;;;;;;;;;;;;
;;;;;;;;;;;;;
;;;;;;;;;;;;;
;;;;;;;;;;;;;
;;;;;;;;;;;;;
;;;;;;;;;;;;;
;;;;;;;;;;;;;
;;;;;;;;;;;;;
;;;;;;;;;;;;;
;;;;;;;;;;;;;
;;;;;;;;;;;;;
;;;;;;;;;;;;;
;;;;;;;;;;;;;
;;;;;;;;;;;;;
;;;;;;;;;;;;;
;;;;;;;;;;;;;
;;;;;;;;;;;;;
;;;;;;;;;;;;;
;;;;;;;;;;;;;
;;;;;;;;;;;;;
;;;;;;;;;;;;;
;;;;;;;;;;;;;
;;;;;;;;;;;;;
;;;;;;;;;;;;;
;;;;;;;;;;;;;
;;;;;;;;;;;;;
;;;;;;;;;;;;;
;;;;;;;;;;;;;
;;;;;;;;;;;;;
;;;;;;;;;;;;;
;;;;;;;;;;;;;
;;;;;;;;;;;;;
;;;;;;;;;;;;;
;;;;;;;;;;;;;
;;;;;;;;;;;;;
;;;;;;;;;;;;;
;;;;;;;;;;;;;
;;;;;;;;;;;;;
;;;;;;;;;;;;;
;;;;;;;;;;;;;
;;;;;;;;;;;;;
;;;;;;;;;;;;;
;;;;;;;;;;;;;
;;;;;;;;;;;;;
;;;;;;;;;;;;;
;;;;;;;;;;;;;
;;;;;;;;;;;;;
;;;;;;;;;;;;;
;;;;;;;;;;;;;
;;;;;;;;;;;;;
;;;;;;;;;;;;;
;;;;;;;;;;;;;
;;;;;;;;;;;;;
;;;;;;;;;;;;;
;;;;;;;;;;;;;
;;;;;;;;;;;;;
;;;;;;;;;;;;;
;;;;;;;;;;;;;
;;;;;;;;;;;;;
;;;;;;;;;;;;;
;;;;;;;;;;;;;
;;;;;;;;;;;;;
;;;;;;;;;;;;;
;;;;;;;;;;;;;
;;;;;;;;;;;;;
;;;;;;;;;;;;;
;;;;;;;;;;;;;
;;;;;;;;;;;;;
;;;;;;;;;;;;;
;;;;;;;;;;;;;
;;;;;;;;;;;;;
;;;;;;;;;;;;;
;;;;;;;;;;;;;
;;;;;;;;;;;;;
;;;;;;;;;;;;;
;;;;;;;;;;;;;
;;;;;;;;;;;;;
;;;;;;;;;;;;;
;;;;;;;;;;;;;
;;;;;;;;;;;;;
;;;;;;;;;;;;;
;;;;;;;;;;;;;
;;;;;;;;;;;;;
;;;;;;;;;;;;;
;;;;;;;;;;;;;
;;;;;;;;;;;;;
;;;;;;;;;;;;;
;;;;;;;;;;;;;
;;;;;;;;;;;;;
;;;;;;;;;;;;;
;;;;;;;;;;;;;
;;;;;;;;;;;;;
;;;;;;;;;;;;;
;;;;;;;;;;;;;
;;;;;;;;;;;;;
;;;;;;;;;;;;;
;;;;;;;;;;;;;
;;;;;;;;;;;;;
;;;;;;;;;;;;;
;;;;;;;;;;;;;
;;;;;;;;;;;;;
;;;;;;;;;;;;;
;;;;;;;;;;;;;
;;;;;;;;;;;;;
;;;;;;;;;;;;;
;;;;;;;;;;;;;
;;;;;;;;;;;;;
;;;;;;;;;;;;;
;;;;;;;;;;;;;
;;;;;;;;;;;;;
;;;;;;;;;;;;;
;;;;;;;;;;;;;
;;;;;;;;;;;;;
;;;;;;;;;;;;;
;;;;;;;;;;;;;
;;;;;;;;;;;;;
;;;;;;;;;;;;;
;;;;;;;;;;;;;
;;;;;;;;;;;;;
;;;;;;;;;;;;;
;;;;;;;;;;;;;
;;;;;;;;;;;;;
;;;;;;;;;;;;;
;;;;;;;;;;;;;
;;;;;;;;;;;;;
;;;;;;;;;;;;;
;;;;;;;;;;;;;
;;;;;;;;;;;;;
;;;;;;;;;;;;;
;;;;;;;;;;;;;
;;;;;;;;;;;;;
;;;;;;;;;;;;;
;;;;;;;;;;;;;
;;;;;;;;;;;;;
;;;;;;;;;;;;;
;;;;;;;;;;;;;
;;;;;;;;;;;;;
;;;;;;;;;;;;;
;;;;;;;;;;;;;
;;;;;;;;;;;;;
;;;;;;;;;;;;;
;;;;;;;;;;;;;
;;;;;;;;;;;;;
;;;;;;;;;;;;;
;;;;;;;;;;;;;
;;;;;;;;;;;;;
;;;;;;;;;;;;;
;;;;;;;;;;;;;
;;;;;;;;;;;;;
;;;;;;;;;;;;;
;;;;;;;;;;;;;
;;;;;;;;;;;;;
;;;;;;;;;;;;;
;;;;;;;;;;;;;
;;;;;;;;;;;;;
;;;;;;;;;;;;;
;;;;;;;;;;;;;
;;;;;;;;;;;;;
;;;;;;;;;;;;;
;;;;;;;;;;;;;
;;;;;;;;;;;;;
;;;;;;;;;;;;;
;;;;;;;;;;;;;
;;;;;;;;;;;;;
;;;;;;;;;;;;;
;;;;;;;;;;;;;
;;;;;;;;;;;;;
;;;;;;;;;;;;;
;;;;;;;;;;;;;
;;;;;;;;;;;;;
;;;;;;;;;;;;;
;;;;;;;;;;;;;
;;;;;;;;;;;;;
;;;;;;;;;;;;;
;;;;;;;;;;;;;
;;;;;;;;;;;;;
;;;;;;;;;;;;;
;;;;;;;;;;;;;
;;;;;;;;;;;;;
;;;;;;;;;;;;;
;;;;;;;;;;;;;
;;;;;;;;;;;;;
;;;;;;;;;;;;;
;;;;;;;;;;;;;
;;;;;;;;;;;;;
;;;;;;;;;;;;;
;;;;;;;;;;;;;
;;;;;;;;;;;;;
;;;;;;;;;;;;;
;;;;;;;;;;;;;
;;;;;;;;;;;;;
;;;;;;;;;;;;;
;;;;;;;;;;;;;
;;;;;;;;;;;;;
;;;;;;;;;;;;;
;;;;;;;;;;;;;
;;;;;;;;;;;;;
;;;;;;;;;;;;;
;;;;;;;;;;;;;
;;;;;;;;;;;;;
;;;;;;;;;;;;;
;;;;;;;;;;;;;
;;;;;;;;;;;;;
;;;;;;;;;;;;;
;;;;;;;;;;;;;
;;;;;;;;;;;;;
;;;;;;;;;;;;;
;;;;;;;;;;;;;
;;;;;;;;;;;;;
;;;;;;;;;;;;;
;;;;;;;;;;;;;
;;;;;;;;;;;;;
;;;;;;;;;;;;;
;;;;;;;;;;;;;
;;;;;;;;;;;;;
;;;;;;;;;;;;;
;;;;;;;;;;;;;
;;;;;;;;;;;;;
;;;;;;;;;;;;;
;;;;;;;;;;;;;
;;;;;;;;;;;;;
;;;;;;;;;;;;;
;;;;;;;;;;;;;
;;;;;;;;;;;;;
;;;;;;;;;;;;;
;;;;;;;;;;;;;
;;;;;;;;;;;;;
;;;;;;;;;;;;;
;;;;;;;;;;;;;
;;;;;;;;;;;;;
;;;;;;;;;;;;;
;;;;;;;;;;;;;
;;;;;;;;;;;;;
;;;;;;;;;;;;;
;;;;;;;;;;;;;
;;;;;;;;;;;;;
;;;;;;;;;;;;;
;;;;;;;;;;;;;
;;;;;;;;;;;;;
;;;;;;;;;;;;;
;;;;;;;;;;;;;
;;;;;;;;;;;;;
;;;;;;;;;;;;;
;;;;;;;;;;;;;
;;;;;;;;;;;;;
;;;;;;;;;;;;;
;;;;;;;;;;;;;
;;;;;;;;;;;;;
;;;;;;;;;;;;;
;;;;;;;;;;;;;
;;;;;;;;;;;;;
;;;;;;;;;;;;;
;;;;;;;;;;;;;
;;;;;;;;;;;;;
;;;;;;;;;;;;;
;;;;;;;;;;;;;
;;;;;;;;;;;;;
;;;;;;;;;;;;;
;;;;;;;;;;;;;
;;;;;;;;;;;;;
;;;;;;;;;;;;;
;;;;;;;;;;;;;
;;;;;;;;;;;;;
;;;;;;;;;;;;;
;;;;;;;;;;;;;
;;;;;;;;;;;;;
;;;;;;;;;;;;;
;;;;;;;;;;;;;
;;;;;;;;;;;;;
;;;;;;;;;;;;;
;;;;;;;;;;;;;
;;;;;;;;;;;;;
;;;;;;;;;;;;;
;;;;;;;;;;;;;
;;;;;;;;;;;;;
;;;;;;;;;;;;;
;;;;;;;;;;;;;
;;;;;;;;;;;;;
;;;;;;;;;;;;;
;;;;;;;;;;;;;
;;;;;;;;;;;;;
;;;;;;;;;;;;;
;;;;;;;;;;;;;
;;;;;;;;;;;;;
;;;;;;;;;;;;;
;;;;;;;;;;;;;
;;;;;;;;;;;;;
;;;;;;;;;;;;;
;;;;;;;;;;;;;
;;;;;;;;;;;;;
;;;;;;;;;;;;;
;;;;;;;;;;;;;
;;;;;;;;;;;;;
;;;;;;;;;;;;;
;;;;;;;;;;;;;
;;;;;;;;;;;;;
;;;;;;;;;;;;;
;;;;;;;;;;;;;
;;;;;;;;;;;;;
;;;;;;;;;;;;;
;;;;;;;;;;;;;
;;;;;;;;;;;;;
;;;;;;;;;;;;;
;;;;;;;;;;;;;
;;;;;;;;;;;;;
;;;;;;;;;;;;;
;;;;;;;;;;;;;
;;;;;;;;;;;;;
;;;;;;;;;;;;;
;;;;;;;;;;;;;
;;;;;;;;;;;;;
;;;;;;;;;;;;;
;;;;;;;;;;;;;
;;;;;;;;;;;;;
;;;;;;;;;;;;;
;;;;;;;;;;;;;
;;;;;;;;;;;;;
;;;;;;;;;;;;;
;;;;;;;;;;;;;
;;;;;;;;;;;;;
;;;;;;;;;;;;;
;;;;;;;;;;;;;
;;;;;;;;;;;;;
;;;;;;;;;;;;;
;;;;;;;;;;;;;
;;;;;;;;;;;;;
;;;;;;;;;;;;;
;;;;;;;;;;;;;
;;;;;;;;;;;;;
;;;;;;;;;;;;;
;;;;;;;;;;;;;
;;;;;;;;;;;;;
;;;;;;;;;;;;;
;;;;;;;;;;;;;
;;;;;;;;;;;;;
;;;;;;;;;;;;;
;;;;;;;;;;;;;
;;;;;;;;;;;;;
;;;;;;;;;;;;;
;;;;;;;;;;;;;
;;;;;;;;;;;;;
;;;;;;;;;;;;;
;;;;;;;;;;;;;
;;;;;;;;;;;;;
;;;;;;;;;;;;;
;;;;;;;;;;;;;
;;;;;;;;;;;;;
;;;;;;;;;;;;;
;;;;;;;;;;;;;
;;;;;;;;;;;;;
;;;;;;;;;;;;;
;;;;;;;;;;;;;
;;;;;;;;;;;;;
;;;;;;;;;;;;;
;;;;;;;;;;;;;
;;;;;;;;;;;;;
;;;;;;;;;;;;;
;;;;;;;;;;;;;
;;;;;;;;;;;;;
;;;;;;;;;;;;;
;;;;;;;;;;;;;
;;;;;;;;;;;;;
;;;;;;;;;;;;;
;;;;;;;;;;;;;
;;;;;;;;;;;;;
;;;;;;;;;;;;;
;;;;;;;;;;;;;
;;;;;;;;;;;;;
;;;;;;;;;;;;;
;;;;;;;;;;;;;
;;;;;;;;;;;;;
;;;;;;;;;;;;;
;;;;;;;;;;;;;
;;;;;;;;;;;;;
;;;;;;;;;;;;;
;;;;;;;;;;;;;
;;;;;;;;;;;;;
;;;;;;;;;;;;;
;;;;;;;;;;;;;
;;;;;;;;;;;;;
;;;;;;;;;;;;;
;;;;;;;;;;;;;
;;;;;;;;;;;;;
;;;;;;;;;;;;;
;;;;;;;;;;;;;
;;;;;;;;;;;;;
;;;;;;;;;;;;;
;;;;;;;;;;;;;
;;;;;;;;;;;;;
;;;;;;;;;;;;;
;;;;;;;;;;;;;
;;;;;;;;;;;;;
;;;;;;;;;;;;;
;;;;;;;;;;;;;
;;;;;;;;;;;;;
;;;;;;;;;;;;;
;;;;;;;;;;;;;
;;;;;;;;;;;;;
;;;;;;;;;;;;;
;;;;;;;;;;;;;
;;;;;;;;;;;;;
;;;;;;;;;;;;;
;;;;;;;;;;;;;
;;;;;;;;;;;;;
;;;;;;;;;;;;;
;;;;;;;;;;;;;
;;;;;;;;;;;;;
;;;;;;;;;;;;;
;;;;;;;;;;;;;
;;;;;;;;;;;;;
;;;;;;;;;;;;;
;;;;;;;;;;;;;
;;;;;;;;;;;;;
;;;;;;;;;;;;;
;;;;;;;;;;;;;
;;;;;;;;;;;;;
;;;;;;;;;;;;;
;;;;;;;;;;;;;
;;;;;;;;;;;;;
;;;;;;;;;;;;;
;;;;;;;;;;;;;
;;;;;;;;;;;;;
;;;;;;;;;;;;;
;;;;;;;;;;;;;
;;;;;;;;;;;;;
;;;;;;;;;;;;;
;;;;;;;;;;;;;
;;;;;;;;;;;;;
;;;;;;;;;;;;;
;;;;;;;;;;;;;
;;;;;;;;;;;;;
;;;;;;;;;;;;;
;;;;;;;;;;;;;
;;;;;;;;;;;;;
;;;;;;;;;;;;;
;;;;;;;;;;;;;
;;;;;;;;;;;;;
;;;;;;;;;;;;;
;;;;;;;;;;;;;
;;;;;;;;;;;;;
;;;;;;;;;;;;;
;;;;;;;;;;;;;
;;;;;;;;;;;;;
;;;;;;;;;;;;;
;;;;;;;;;;;;;
;;;;;;;;;;;;;
;;;;;;;;;;;;;
;;;;;;;;;;;;;
;;;;;;;;;;;;;
;;;;;;;;;;;;;
;;;;;;;;;;;;;
;;;;;;;;;;;;;
;;;;;;;;;;;;;
;;;;;;;;;;;;;
;;;;;;;;;;;;;
;;;;;;;;;;;;;
;;;;;;;;;;;;;
;;;;;;;;;;;;;
;;;;;;;;;;;;;
;;;;;;;;;;;;;
;;;;;;;;;;;;;
;;;;;;;;;;;;;
;;;;;;;;;;;;;
;;;;;;;;;;;;;
;;;;;;;;;;;;;
;;;;;;;;;;;;;
;;;;;;;;;;;;;
;;;;;;;;;;;;;
;;;;;;;;;;;;;
;;;;;;;;;;;;;
;;;;;;;;;;;;;
;;;;;;;;;;;;;
;;;;;;;;;;;;;
;;;;;;;;;;;;;
;;;;;;;;;;;;;
;;;;;;;;;;;;;
;;;;;;;;;;;;;
;;;;;;;;;;;;;
;;;;;;;;;;;;;
;;;;;;;;;;;;;
;;;;;;;;;;;;;
;;;;;;;;;;;;;
;;;;;;;;;;;;;
;;;;;;;;;;;;;
;;;;;;;;;;;;;
;;;;;;;;;;;;;
;;;;;;;;;;;;;
;;;;;;;;;;;;;
;;;;;;;;;;;;;
;;;;;;;;;;;;;
;;;;;;;;;;;;;
;;;;;;;;;;;;;
;;;;;;;;;;;;;
;;;;;;;;;;;;;
;;;;;;;;;;;;;
;;;;;;;;;;;;;
;;;;;;;;;;;;;
;;;;;;;;;;;;;
;;;;;;;;;;;;;
;;;;;;;;;;;;;
;;;;;;;;;;;;;
;;;;;;;;;;;;;
;;;;;;;;;;;;;
;;;;;;;;;;;;;
;;;;;;;;;;;;;
;;;;;;;;;;;;;
;;;;;;;;;;;;;
;;;;;;;;;;;;;
;;;;;;;;;;;;;
;;;;;;;;;;;;;
;;;;;;;;;;;;;
;;;;;;;;;;;;;
;;;;;;;;;;;;;
;;;;;;;;;;;;;
;;;;;;;;;;;;;
;;;;;;;;;;;;;
;;;;;;;;;;;;;
;;;;;;;;;;;;;
;;;;;;;;;;;;;
;;;;;;;;;;;;;
;;;;;;;;;;;;;
;;;;;;;;;;;;;
;;;;;;;;;;;;;
;;;;;;;;;;;;;
;;;;;;;;;;;;;
;;;;;;;;;;;;;
;;;;;;;;;;;;;
;;;;;;;;;;;;;
;;;;;;;;;;;;;
;;;;;;;;;;;;;
;;;;;;;;;;;;;
;;;;;;;;;;;;;
;;;;;;;;;;;;;
;;;;;;;;;;;;;
;;;;;;;;;;;;;
;;;;;;;;;;;;;
;;;;;;;;;;;;;
;;;;;;;;;;;;;
;;;;;;;;;;;;;
;;;;;;;;;;;;;
;;;;;;;;;;;;;
;;;;;;;;;;;;;
;;;;;;;;;;;;;
;;;;;;;;;;;;;
;;;;;;;;;;;;;
;;;;;;;;;;;;;
;;;;;;;;;;;;;
;;;;;;;;;;;;;
;;;;;;;;;;;;;
;;;;;;;;;;;;;
;;;;;;;;;;;;;
;;;;;;;;;;;;;
;;;;;;;;;;;;;
;;;;;;;;;;;;;
;;;;;;;;;;;;;
;;;;;;;;;;;;;
;;;;;;;;;;;;;
;;;;;;;;;;;;;
;;;;;;;;;;;;;
;;;;;;;;;;;;;
;;;;;;;;;;;;;
;;;;;;;;;;;;;
;;;;;;;;;;;;;
;;;;;;;;;;;;;
;;;;;;;;;;;;;
;;;;;;;;;;;;;
;;;;;;;;;;;;;
;;;;;;;;;;;;;
;;;;;;;;;;;;;
;;;;;;;;;;;;;
;;;;;;;;;;;;;
;;;;;;;;;;;;;
;;;;;;;;;;;;;
;;;;;;;;;;;;;
;;;;;;;;;;;;;
;;;;;;;;;;;;;
;;;;;;;;;;;;;
;;;;;;;;;;;;;
;;;;;;;;;;;;;
;;;;;;;;;;;;;
;;;;;;;;;;;;;
;;;;;;;;;;;;;
;;;;;;;;;;;;;
;;;;;;;;;;;;;
;;;;;;;;;;;;;
;;;;;;;;;;;;;
;;;;;;;;;;;;;
;;;;;;;;;;;;;
;;;;;;;;;;;;;
;;;;;;;;;;;;;
;;;;;;;;;;;;;
;;;;;;;;;;;;;
;;;;;;;;;;;;;
;;;;;;;;;;;;;
;;;;;;;;;;;;;
;;;;;;;;;;;;;
;;;;;;;;;;;;;
;;;;;;;;;;;;;
;;;;;;;;;;;;;
;;;;;;;;;;;;;
;;;;;;;;;;;;;
;;;;;;;;;;;;;
;;;;;;;;;;;;;
;;;;;;;;;;;;;
;;;;;;;;;;;;;
;;;;;;;;;;;;;
;;;;;;;;;;;;;
;;;;;;;;;;;;;
;;;;;;;;;;;;;
;;;;;;;;;;;;;
;;;;;;;;;;;;;
;;;;;;;;;;;;;
;;;;;;;;;;;;;
;;;;;;;;;;;;;
;;;;;;;;;;;;;
;;;;;;;;;;;;;
;;;;;;;;;;;;;
;;;;;;;;;;;;;
;;;;;;;;;;;;;
;;;;;;;;;;;;;
;;;;;;;;;;;;;
;;;;;;;;;;;;;
;;;;;;;;;;;;;
;;;;;;;;;;;;;
;;;;;;;;;;;;;
;;;;;;;;;;;;;
;;;;;;;;;;;;;
;;;;;;;;;;;;;
;;;;;;;;;;;;;
;;;;;;;;;;;;;
;;;;;;;;;;;;;
;;;;;;;;;;;;;
;;;;;;;;;;;;;
;;;;;;;;;;;;;
;;;;;;;;;;;;;
;;;;;;;;;;;;;
;;;;;;;;;;;;;
;;;;;;;;;;;;;
;;;;;;;;;;;;;
;;;;;;;;;;;;;
;;;;;;;;;;;;;
;;;;;;;;;;;;;
;;;;;;;;;;;;;
;;;;;;;;;;;;;
;;;;;;;;;;;;;
;;;;;;;;;;;;;
;;;;;;;;;;;;;
;;;;;;;;;;;;;
;;;;;;;;;;;;;
;;;;;;;;;;;;;
;;;;;;;;;;;;;
;;;;;;;;;;;;;
;;;;;;;;;;;;;
;;;;;;;;;;;;;
;;;;;;;;;;;;;
;;;;;;;;;;;;;
;;;;;;;;;;;;;
;;;;;;;;;;;;;
;;;;;;;;;;;;;
;;;;;;;;;;;;;
;;;;;;;;;;;;;
;;;;;;;;;;;;;
;;;;;;;;;;;;;
;;;;;;;;;;;;;
;;;;;;;;;;;;;
;;;;;;;;;;;;;
;;;;;;;;;;;;;
;;;;;;;;;;;;;
;;;;;;;;;;;;;
;;;;;;;;;;;;;
;;;;;;;;;;;;;
;;;;;;;;;;;;;
;;;;;;;;;;;;;
;;;;;;;;;;;;;
;;;;;;;;;;;;;
;;;;;;;;;;;;;
;;;;;;;;;;;;;
;;;;;;;;;;;;;
;;;;;;;;;;;;;
;;;;;;;;;;;;;
;;;;;;;;;;;;;
;;;;;;;;;;;;;
;;;;;;;;;;;;;
;;;;;;;;;;;;;
;;;;;;;;;;;;;
;;;;;;;;;;;;;
;;;;;;;;;;;;;
;;;;;;;;;;;;;
;;;;;;;;;;;;;
;;;;;;;;;;;;;
;;;;;;;;;;;;;
;;;;;;;;;;;;;
;;;;;;;;;;;;;
;;;;;;;;;;;;;
;;;;;;;;;;;;;
;;;;;;;;;;;;;
;;;;;;;;;;;;;
;;;;;;;;;;;;;
;;;;;;;;;;;;;
;;;;;;;;;;;;;
;;;;;;;;;;;;;
;;;;;;;;;;;;;
;;;;;;;;;;;;;
;;;;;;;;;;;;;
;;;;;;;;;;;;;
;;;;;;;;;;;;;
;;;;;;;;;;;;;
;;;;;;;;;;;;;
;;;;;;;;;;;;;
;;;;;;;;;;;;;
;;;;;;;;;;;;;
;;;;;;;;;;;;;
;;;;;;;;;;;;;
;;;;;;;;;;;;;
;;;;;;;;;;;;;
;;;;;;;;;;;;;
;;;;;;;;;;;;;
;;;;;;;;;;;;;
;;;;;;;;;;;;;
;;;;;;;;;;;;;
;;;;;;;;;;;;;
;;;;;;;;;;;;;
;;;;;;;;;;;;;
;;;;;;;;;;;;;
;;;;;;;;;;;;;
;;;;;;;;;;;;;
;;;;;;;;;;;;;
;;;;;;;;;;;;;
;;;;;;;;;;;;;
;;;;;;;;;;;;;
;;;;;;;;;;;;;
;;;;;;;;;;;;;
;;;;;;;;;;;;;
;;;;;;;;;;;;;
;;;;;;;;;;;;;
;;;;;;;;;;;;;
;;;;;;;;;;;;;
;;;;;;;;;;;;;
;;;;;;;;;;;;;
;;;;;;;;;;;;;
;;;;;;;;;;;;;
;;;;;;;;;;;;;
;;;;;;;;;;;;;
;;;;;;;;;;;;;
